PRAGMA foreign_keys=OFF;
BEGIN TRANSACTION;
CREATE TABLE IF NOT EXISTS "django_migrations" ("id" integer NOT NULL PRIMARY KEY AUTOINCREMENT, "app" varchar(255) NOT NULL, "name" varchar(255) NOT NULL, "applied" datetime NOT NULL);
INSERT INTO django_migrations VALUES(1,'contenttypes','0001_initial','2024-07-23 09:31:06.889164');
INSERT INTO django_migrations VALUES(2,'auth','0001_initial','2024-07-23 09:31:06.904398');
INSERT INTO django_migrations VALUES(3,'admin','0001_initial','2024-07-23 09:31:06.916104');
INSERT INTO django_migrations VALUES(4,'admin','0002_logentry_remove_auto_add','2024-07-23 09:31:06.923447');
INSERT INTO django_migrations VALUES(5,'admin','0003_logentry_add_action_flag_choices','2024-07-23 09:31:06.930195');
INSERT INTO django_migrations VALUES(6,'contenttypes','0002_remove_content_type_name','2024-07-23 09:31:06.944683');
INSERT INTO django_migrations VALUES(7,'auth','0002_alter_permission_name_max_length','2024-07-23 09:31:06.954010');
INSERT INTO django_migrations VALUES(8,'auth','0003_alter_user_email_max_length','2024-07-23 09:31:06.962820');
INSERT INTO django_migrations VALUES(9,'auth','0004_alter_user_username_opts','2024-07-23 09:31:06.970462');
INSERT INTO django_migrations VALUES(10,'auth','0005_alter_user_last_login_null','2024-07-23 09:31:06.978194');
INSERT INTO django_migrations VALUES(11,'auth','0006_require_contenttypes_0002','2024-07-23 09:31:06.980710');
INSERT INTO django_migrations VALUES(12,'auth','0007_alter_validators_add_error_messages','2024-07-23 09:31:06.986783');
INSERT INTO django_migrations VALUES(13,'auth','0008_alter_user_username_max_length','2024-07-23 09:31:06.995409');
INSERT INTO django_migrations VALUES(14,'auth','0009_alter_user_last_name_max_length','2024-07-23 09:31:07.005190');
INSERT INTO django_migrations VALUES(15,'auth','0010_alter_group_name_max_length','2024-07-23 09:31:07.014053');
INSERT INTO django_migrations VALUES(16,'auth','0011_update_proxy_permissions','2024-07-23 09:31:07.022950');
INSERT INTO django_migrations VALUES(17,'auth','0012_alter_user_first_name_max_length','2024-07-23 09:31:07.030510');
INSERT INTO django_migrations VALUES(18,'authtoken','0001_initial','2024-07-23 09:31:07.036949');
INSERT INTO django_migrations VALUES(19,'authtoken','0002_auto_20160226_1747','2024-07-23 09:31:07.055099');
INSERT INTO django_migrations VALUES(20,'authtoken','0003_tokenproxy','2024-07-23 09:31:07.058212');
INSERT INTO django_migrations VALUES(21,'authtoken','0004_alter_tokenproxy_options','2024-07-23 09:31:07.062689');
INSERT INTO django_migrations VALUES(22,'sessions','0001_initial','2024-07-23 09:31:07.070725');
INSERT INTO django_migrations VALUES(23,'api','0001_initial','2024-07-23 09:31:50.794115');
CREATE TABLE IF NOT EXISTS "auth_group_permissions" ("id" integer NOT NULL PRIMARY KEY AUTOINCREMENT, "group_id" integer NOT NULL REFERENCES "auth_group" ("id") DEFERRABLE INITIALLY DEFERRED, "permission_id" integer NOT NULL REFERENCES "auth_permission" ("id") DEFERRABLE INITIALLY DEFERRED);
CREATE TABLE IF NOT EXISTS "auth_user_groups" ("id" integer NOT NULL PRIMARY KEY AUTOINCREMENT, "user_id" integer NOT NULL REFERENCES "auth_user" ("id") DEFERRABLE INITIALLY DEFERRED, "group_id" integer NOT NULL REFERENCES "auth_group" ("id") DEFERRABLE INITIALLY DEFERRED);
CREATE TABLE IF NOT EXISTS "auth_user_user_permissions" ("id" integer NOT NULL PRIMARY KEY AUTOINCREMENT, "user_id" integer NOT NULL REFERENCES "auth_user" ("id") DEFERRABLE INITIALLY DEFERRED, "permission_id" integer NOT NULL REFERENCES "auth_permission" ("id") DEFERRABLE INITIALLY DEFERRED);
CREATE TABLE IF NOT EXISTS "django_admin_log" ("id" integer NOT NULL PRIMARY KEY AUTOINCREMENT, "object_id" text NULL, "object_repr" varchar(200) NOT NULL, "action_flag" smallint unsigned NOT NULL CHECK ("action_flag" >= 0), "change_message" text NOT NULL, "content_type_id" integer NULL REFERENCES "django_content_type" ("id") DEFERRABLE INITIALLY DEFERRED, "user_id" integer NOT NULL REFERENCES "auth_user" ("id") DEFERRABLE INITIALLY DEFERRED, "action_time" datetime NOT NULL);
INSERT INTO django_admin_log VALUES(1,'1','Introduction',1,'[{"added": {}}]',10,1,'2024-07-23 11:04:00.553117');
INSERT INTO django_admin_log VALUES(2,'2','Getting Started',1,'[{"added": {}}]',10,1,'2024-07-23 11:06:22.666353');
INSERT INTO django_admin_log VALUES(3,'1','Lessons With Video Content',1,'[{"added": {}}]',11,1,'2024-07-23 11:06:25.329104');
INSERT INTO django_admin_log VALUES(4,'1','demo1 - 4.5',1,'[{"added": {}}]',9,1,'2024-07-23 11:07:40.050306');
INSERT INTO django_admin_log VALUES(5,'1','remo',1,'[{"added": {}}]',8,1,'2024-07-23 11:08:41.057942');
INSERT INTO django_admin_log VALUES(6,'1','The Ultimate Guide To The Best WordPress LMS Plugin',1,'[{"added": {}}]',12,1,'2024-07-23 11:09:06.363705');
CREATE TABLE IF NOT EXISTS "django_content_type" ("id" integer NOT NULL PRIMARY KEY AUTOINCREMENT, "app_label" varchar(100) NOT NULL, "model" varchar(100) NOT NULL);
INSERT INTO django_content_type VALUES(1,'admin','logentry');
INSERT INTO django_content_type VALUES(2,'auth','permission');
INSERT INTO django_content_type VALUES(3,'auth','group');
INSERT INTO django_content_type VALUES(4,'auth','user');
INSERT INTO django_content_type VALUES(5,'contenttypes','contenttype');
INSERT INTO django_content_type VALUES(6,'sessions','session');
INSERT INTO django_content_type VALUES(7,'api','item');
INSERT INTO django_content_type VALUES(8,'api','teacher');
INSERT INTO django_content_type VALUES(9,'api','review');
INSERT INTO django_content_type VALUES(10,'api','lesson');
INSERT INTO django_content_type VALUES(11,'api','curriculumsection');
INSERT INTO django_content_type VALUES(12,'api','course');
INSERT INTO django_content_type VALUES(13,'api','enrollment');
INSERT INTO django_content_type VALUES(14,'authtoken','token');
INSERT INTO django_content_type VALUES(15,'authtoken','tokenproxy');
CREATE TABLE IF NOT EXISTS "auth_permission" ("id" integer NOT NULL PRIMARY KEY AUTOINCREMENT, "content_type_id" integer NOT NULL REFERENCES "django_content_type" ("id") DEFERRABLE INITIALLY DEFERRED, "codename" varchar(100) NOT NULL, "name" varchar(255) NOT NULL);
INSERT INTO auth_permission VALUES(1,1,'add_logentry','Can add log entry');
INSERT INTO auth_permission VALUES(2,1,'change_logentry','Can change log entry');
INSERT INTO auth_permission VALUES(3,1,'delete_logentry','Can delete log entry');
INSERT INTO auth_permission VALUES(4,1,'view_logentry','Can view log entry');
INSERT INTO auth_permission VALUES(5,2,'add_permission','Can add permission');
INSERT INTO auth_permission VALUES(6,2,'change_permission','Can change permission');
INSERT INTO auth_permission VALUES(7,2,'delete_permission','Can delete permission');
INSERT INTO auth_permission VALUES(8,2,'view_permission','Can view permission');
INSERT INTO auth_permission VALUES(9,3,'add_group','Can add group');
INSERT INTO auth_permission VALUES(10,3,'change_group','Can change group');
INSERT INTO auth_permission VALUES(11,3,'delete_group','Can delete group');
INSERT INTO auth_permission VALUES(12,3,'view_group','Can view group');
INSERT INTO auth_permission VALUES(13,4,'add_user','Can add user');
INSERT INTO auth_permission VALUES(14,4,'change_user','Can change user');
INSERT INTO auth_permission VALUES(15,4,'delete_user','Can delete user');
INSERT INTO auth_permission VALUES(16,4,'view_user','Can view user');
INSERT INTO auth_permission VALUES(17,5,'add_contenttype','Can add content type');
INSERT INTO auth_permission VALUES(18,5,'change_contenttype','Can change content type');
INSERT INTO auth_permission VALUES(19,5,'delete_contenttype','Can delete content type');
INSERT INTO auth_permission VALUES(20,5,'view_contenttype','Can view content type');
INSERT INTO auth_permission VALUES(21,6,'add_session','Can add session');
INSERT INTO auth_permission VALUES(22,6,'change_session','Can change session');
INSERT INTO auth_permission VALUES(23,6,'delete_session','Can delete session');
INSERT INTO auth_permission VALUES(24,6,'view_session','Can view session');
INSERT INTO auth_permission VALUES(25,7,'add_item','Can add item');
INSERT INTO auth_permission VALUES(26,7,'change_item','Can change item');
INSERT INTO auth_permission VALUES(27,7,'delete_item','Can delete item');
INSERT INTO auth_permission VALUES(28,7,'view_item','Can view item');
INSERT INTO auth_permission VALUES(29,8,'add_teacher','Can add teacher');
INSERT INTO auth_permission VALUES(30,8,'change_teacher','Can change teacher');
INSERT INTO auth_permission VALUES(31,8,'delete_teacher','Can delete teacher');
INSERT INTO auth_permission VALUES(32,8,'view_teacher','Can view teacher');
INSERT INTO auth_permission VALUES(33,9,'add_review','Can add review');
INSERT INTO auth_permission VALUES(34,9,'change_review','Can change review');
INSERT INTO auth_permission VALUES(35,9,'delete_review','Can delete review');
INSERT INTO auth_permission VALUES(36,9,'view_review','Can view review');
INSERT INTO auth_permission VALUES(37,10,'add_lesson','Can add lesson');
INSERT INTO auth_permission VALUES(38,10,'change_lesson','Can change lesson');
INSERT INTO auth_permission VALUES(39,10,'delete_lesson','Can delete lesson');
INSERT INTO auth_permission VALUES(40,10,'view_lesson','Can view lesson');
INSERT INTO auth_permission VALUES(41,11,'add_curriculumsection','Can add curriculum section');
INSERT INTO auth_permission VALUES(42,11,'change_curriculumsection','Can change curriculum section');
INSERT INTO auth_permission VALUES(43,11,'delete_curriculumsection','Can delete curriculum section');
INSERT INTO auth_permission VALUES(44,11,'view_curriculumsection','Can view curriculum section');
INSERT INTO auth_permission VALUES(45,12,'add_course','Can add course');
INSERT INTO auth_permission VALUES(46,12,'change_course','Can change course');
INSERT INTO auth_permission VALUES(47,12,'delete_course','Can delete course');
INSERT INTO auth_permission VALUES(48,12,'view_course','Can view course');
INSERT INTO auth_permission VALUES(49,13,'add_enrollment','Can add enrollment');
INSERT INTO auth_permission VALUES(50,13,'change_enrollment','Can change enrollment');
INSERT INTO auth_permission VALUES(51,13,'delete_enrollment','Can delete enrollment');
INSERT INTO auth_permission VALUES(52,13,'view_enrollment','Can view enrollment');
INSERT INTO auth_permission VALUES(53,14,'add_token','Can add Token');
INSERT INTO auth_permission VALUES(54,14,'change_token','Can change Token');
INSERT INTO auth_permission VALUES(55,14,'delete_token','Can delete Token');
INSERT INTO auth_permission VALUES(56,14,'view_token','Can view Token');
INSERT INTO auth_permission VALUES(57,15,'add_tokenproxy','Can add Token');
INSERT INTO auth_permission VALUES(58,15,'change_tokenproxy','Can change Token');
INSERT INTO auth_permission VALUES(59,15,'delete_tokenproxy','Can delete Token');
INSERT INTO auth_permission VALUES(60,15,'view_tokenproxy','Can view Token');
CREATE TABLE IF NOT EXISTS "auth_group" ("id" integer NOT NULL PRIMARY KEY AUTOINCREMENT, "name" varchar(150) NOT NULL UNIQUE);
CREATE TABLE IF NOT EXISTS "auth_user" ("id" integer NOT NULL PRIMARY KEY AUTOINCREMENT, "password" varchar(128) NOT NULL, "last_login" datetime NULL, "is_superuser" bool NOT NULL, "username" varchar(150) NOT NULL UNIQUE, "last_name" varchar(150) NOT NULL, "email" varchar(254) NOT NULL, "is_staff" bool NOT NULL, "is_active" bool NOT NULL, "date_joined" datetime NOT NULL, "first_name" varchar(150) NOT NULL);
INSERT INTO auth_user VALUES(1,'pbkdf2_sha256$600000$dYAZY3v5h3lxa8dNCvstqM$jZd0lR+61AJo7RXAinulDNbF2JBwwUttIII6h1VKs0s=','2024-07-23 10:56:39.336582',1,'bijaya','','dulalbijaya0@gmail.com',1,1,'2024-07-23 10:56:31.977524','');
CREATE TABLE IF NOT EXISTS "authtoken_token" ("key" varchar(40) NOT NULL PRIMARY KEY, "created" datetime NOT NULL, "user_id" integer NOT NULL UNIQUE REFERENCES "auth_user" ("id") DEFERRABLE INITIALLY DEFERRED);
CREATE TABLE IF NOT EXISTS "django_session" ("session_key" varchar(40) NOT NULL PRIMARY KEY, "session_data" text NOT NULL, "expire_date" datetime NOT NULL);
INSERT INTO django_session VALUES('nayy59nl9nso0yn1dua1ow9msa8onkiu','.eJxVjEEOwiAQRe_C2hAoDO24dN8zkAEGqRqalHZlvLtt0oVu_3vvv4WnbS1-a7z4KYmr0OLyuwWKT64HSA-q91nGua7LFOShyJM2Oc6JX7fT_Tso1MpeG-p66LIjx8AqJB0N7nVwAxkzOFSQwdpMxISK-ogWjQW2aCFm1FF8vuyuOAo:1sWDCB:z7TIE3dBKmF_Qky2XpYXBKDagGKmu4fZMoIHinyUmGQ','2024-08-06 10:56:39.339522');
CREATE TABLE IF NOT EXISTS "api_item" ("id" integer NOT NULL PRIMARY KEY AUTOINCREMENT, "name" varchar(100) NOT NULL, "description" text NOT NULL);
CREATE TABLE IF NOT EXISTS "api_lesson" ("id" integer NOT NULL PRIMARY KEY AUTOINCREMENT, "title" varchar(255) NOT NULL, "duration" varchar(10) NOT NULL, "video_link" varchar(100) NULL, "notes_link" varchar(100) NULL, "free" bool NOT NULL);
INSERT INTO api_lesson VALUES(1,'Introduction','12:30','videos/demo.mp4','files/proposal_defence.pptx',1);
INSERT INTO api_lesson VALUES(2,'Getting Started','10:05','videos/demo1.mp4','files/VFC_Slides.pdf',1);
CREATE TABLE IF NOT EXISTS "api_review" ("id" integer NOT NULL PRIMARY KEY AUTOINCREMENT, "user" varchar(255) NOT NULL, "comment" text NOT NULL, "rating" decimal NOT NULL);
INSERT INTO api_review VALUES(1,'demo1','it is really nice',4.5);
CREATE TABLE IF NOT EXISTS "api_teacher" ("id" integer NOT NULL PRIMARY KEY AUTOINCREMENT, "name" varchar(255) NOT NULL, "bio" text NOT NULL, "email" varchar(255) NOT NULL);
INSERT INTO api_teacher VALUES(1,'remo','has a 12 years of working experience','remo@gmail.com');
CREATE TABLE IF NOT EXISTS "api_enrollment" ("id" integer NOT NULL PRIMARY KEY AUTOINCREMENT, "enrolled_at" datetime NOT NULL, "course_id" bigint NOT NULL REFERENCES "api_course" ("id") DEFERRABLE INITIALLY DEFERRED);
CREATE TABLE IF NOT EXISTS "api_curriculumsection" ("id" integer NOT NULL PRIMARY KEY AUTOINCREMENT, "section_title" varchar(255) NOT NULL);
INSERT INTO api_curriculumsection VALUES(1,'Lessons With Video Content');
CREATE TABLE IF NOT EXISTS "api_curriculumsection_lessons" ("id" integer NOT NULL PRIMARY KEY AUTOINCREMENT, "curriculumsection_id" bigint NOT NULL REFERENCES "api_curriculumsection" ("id") DEFERRABLE INITIALLY DEFERRED, "lesson_id" bigint NOT NULL REFERENCES "api_lesson" ("id") DEFERRABLE INITIALLY DEFERRED);
INSERT INTO api_curriculumsection_lessons VALUES(1,1,1);
INSERT INTO api_curriculumsection_lessons VALUES(2,1,2);
CREATE TABLE IF NOT EXISTS "api_course_curriculum" ("id" integer NOT NULL PRIMARY KEY AUTOINCREMENT, "course_id" bigint NOT NULL REFERENCES "api_course" ("id") DEFERRABLE INITIALLY DEFERRED, "curriculumsection_id" bigint NOT NULL REFERENCES "api_curriculumsection" ("id") DEFERRABLE INITIALLY DEFERRED);
INSERT INTO api_course_curriculum VALUES(1,1,1);
CREATE TABLE IF NOT EXISTS "api_course_reviews" ("id" integer NOT NULL PRIMARY KEY AUTOINCREMENT, "course_id" bigint NOT NULL REFERENCES "api_course" ("id") DEFERRABLE INITIALLY DEFERRED, "review_id" bigint NOT NULL REFERENCES "api_review" ("id") DEFERRABLE INITIALLY DEFERRED);
INSERT INTO api_course_reviews VALUES(1,1,1);
CREATE TABLE IF NOT EXISTS "api_course" ("id" integer NOT NULL PRIMARY KEY AUTOINCREMENT, "title" varchar(255) NOT NULL, "overview" text NOT NULL, "category" varchar(50) NOT NULL, "rating" decimal NOT NULL, "duration" varchar(10) NOT NULL, "price" integer NOT NULL, "free" bool NOT NULL, "teacher_id" bigint NOT NULL REFERENCES "api_teacher" ("id") DEFERRABLE INITIALLY DEFERRED);
INSERT INTO api_course VALUES(1,'The Ultimate Guide To The Best WordPress LMS Plugin','LearnPress is a comprehensive WordPress LMS Plugin for WordPress. This is one of the best WordPress LMS Plugins which can be used to easily create & sell courses online.','Web Management',5,'2hrs',1230,0,1);
DELETE FROM sqlite_sequence;
INSERT INTO sqlite_sequence VALUES('django_migrations',23);
INSERT INTO sqlite_sequence VALUES('django_admin_log',6);
INSERT INTO sqlite_sequence VALUES('django_content_type',15);
INSERT INTO sqlite_sequence VALUES('auth_permission',60);
INSERT INTO sqlite_sequence VALUES('auth_group',0);
INSERT INTO sqlite_sequence VALUES('auth_user',1);
INSERT INTO sqlite_sequence VALUES('api_course',1);
INSERT INTO sqlite_sequence VALUES('api_lesson',2);
INSERT INTO sqlite_sequence VALUES('api_curriculumsection',1);
INSERT INTO sqlite_sequence VALUES('api_curriculumsection_lessons',2);
INSERT INTO sqlite_sequence VALUES('api_review',1);
INSERT INTO sqlite_sequence VALUES('api_teacher',1);
INSERT INTO sqlite_sequence VALUES('api_course_curriculum',1);
INSERT INTO sqlite_sequence VALUES('api_course_reviews',1);
CREATE UNIQUE INDEX "auth_group_permissions_group_id_permission_id_0cd325b0_uniq" ON "auth_group_permissions" ("group_id", "permission_id");
CREATE INDEX "auth_group_permissions_group_id_b120cbf9" ON "auth_group_permissions" ("group_id");
CREATE INDEX "auth_group_permissions_permission_id_84c5c92e" ON "auth_group_permissions" ("permission_id");
CREATE UNIQUE INDEX "auth_user_groups_user_id_group_id_94350c0c_uniq" ON "auth_user_groups" ("user_id", "group_id");
CREATE INDEX "auth_user_groups_user_id_6a12ed8b" ON "auth_user_groups" ("user_id");
CREATE INDEX "auth_user_groups_group_id_97559544" ON "auth_user_groups" ("group_id");
CREATE UNIQUE INDEX "auth_user_user_permissions_user_id_permission_id_14a6b632_uniq" ON "auth_user_user_permissions" ("user_id", "permission_id");
CREATE INDEX "auth_user_user_permissions_user_id_a95ead1b" ON "auth_user_user_permissions" ("user_id");
CREATE INDEX "auth_user_user_permissions_permission_id_1fbb5f2c" ON "auth_user_user_permissions" ("permission_id");
CREATE INDEX "django_admin_log_content_type_id_c4bce8eb" ON "django_admin_log" ("content_type_id");
CREATE INDEX "django_admin_log_user_id_c564eba6" ON "django_admin_log" ("user_id");
CREATE UNIQUE INDEX "django_content_type_app_label_model_76bd3d3b_uniq" ON "django_content_type" ("app_label", "model");
CREATE UNIQUE INDEX "auth_permission_content_type_id_codename_01ab375a_uniq" ON "auth_permission" ("content_type_id", "codename");
CREATE INDEX "auth_permission_content_type_id_2f476e4b" ON "auth_permission" ("content_type_id");
CREATE INDEX "django_session_expire_date_a5c62663" ON "django_session" ("expire_date");
CREATE INDEX "api_enrollment_course_id_f3c3c259" ON "api_enrollment" ("course_id");
CREATE UNIQUE INDEX "api_curriculumsection_lessons_curriculumsection_id_lesson_id_66f9f119_uniq" ON "api_curriculumsection_lessons" ("curriculumsection_id", "lesson_id");
CREATE INDEX "api_curriculumsection_lessons_curriculumsection_id_7499dc16" ON "api_curriculumsection_lessons" ("curriculumsection_id");
CREATE INDEX "api_curriculumsection_lessons_lesson_id_cb10d1aa" ON "api_curriculumsection_lessons" ("lesson_id");
CREATE UNIQUE INDEX "api_course_curriculum_course_id_curriculumsection_id_676fb2f1_uniq" ON "api_course_curriculum" ("course_id", "curriculumsection_id");
CREATE INDEX "api_course_curriculum_course_id_a9448733" ON "api_course_curriculum" ("course_id");
CREATE INDEX "api_course_curriculum_curriculumsection_id_d1b2f71f" ON "api_course_curriculum" ("curriculumsection_id");
CREATE UNIQUE INDEX "api_course_reviews_course_id_review_id_bd0c9ed9_uniq" ON "api_course_reviews" ("course_id", "review_id");
CREATE INDEX "api_course_reviews_course_id_62689440" ON "api_course_reviews" ("course_id");
CREATE INDEX "api_course_reviews_review_id_f5226481" ON "api_course_reviews" ("review_id");
CREATE INDEX "api_course_teacher_id_e24f8110" ON "api_course" ("teacher_id");
COMMIT;
